{
  "followers": 2274859,
  "school": {
    "_id": "68ae4b4073bfe6b9db3b4862",
    "name": "Auburn University"
  },
  "overall": {
    "totalContents": 5314,
    "totalLikes": 7399088,
    "totalComments": 236483,
    "engagementRate": 3.356502974470066,
    "emv": 171630.06
  },
  "counts": {
    "hasOrganizationInCaption": 1377,
    "isOrganizationCollaboration": 21,
    "hasOrganizationLogo": 654,
    "withIp": 1795
  },
  "orgInCaption": {
    "yes": {
      "contents": 1377,
      "likes": 1886.4800290486564,
      "comments": 41.2962962962963,
      "engagementRate": 0.0008474267307753812,
      "emv": 41.86
    },
    "no": {
      "contents": 3937,
      "likes": 1219.5593091186183,
      "comments": 45.62306324612649,
      "engagementRate": 0.0005561585893300397
    },
    "avgLift": 52.371418338824746
  },
  "collaboration": {
    "yes": {
      "contents": 21,
      "likes": 8074,
      "comments": 66.95238095238095,
      "engagementRate": 0.003578662405429251,
      "emv": 168.18
    },
    "no": {
      "contents": 5293,
      "likes": 1365.866994143208,
      "comments": 44.41280937086718,
      "engagementRate": 0.0006199416330920181
    },
    "avgLift": 477.25795694351586
  },
  "logo": {
    "yes": {
      "contents": 654,
      "likes": 2428.201834862385,
      "comments": 51.57033639143731,
      "engagementRate": 0.001090077306441332,
      "emv": 53.72
    },
    "no": {
      "contents": 4660,
      "likes": 1247.0051502145923,
      "comments": 43.50987124463519,
      "engagementRate": 0.0005672945098835697
    },
    "avgLift": 92.15368515818302
  }
}