{
  "followers": 2190438,
  "school": {
    "_id": "686edb56a020985bba88c489",
    "name": "Baylor"
  },
  "overall": {
    "totalContents": 6156,
    "totalLikes": 5424014,
    "totalComments": 212165,
    "engagementRate": 2.573083100274922,
    "emv": 129696.78
  },
  "counts": {
    "hasOrganizationInCaption": 1409,
    "isOrganizationCollaboration": 189,
    "hasOrganizationLogo": 1816,
    "withIp": 2390
  },
  "orgInCaption": {
    "yes": {
      "contents": 1409,
      "likes": 1787.2065294535132,
      "comments": 36.34421575585522,
      "engagementRate": 0.0008325050721405346,
      "emv": 39.38
    },
    "no": {
      "contents": 4747,
      "likes": 612.1424057299347,
      "comments": 33.906888561196546,
      "engagementRate": 0.0002949406896205833
    },
    "avgLift": 182.26185854908096
  },
  "collaboration": {
    "yes": {
      "contents": 189,
      "likes": 5607.291005291006,
      "comments": 28.211640211640212,
      "engagementRate": 0.0025727743243600804,
      "emv": 114.97
    },
    "no": {
      "contents": 5967,
      "likes": 731.3953410423999,
      "comments": 34.662812133400365,
      "engagementRate": 0.0003497282977997096
    },
    "avgLift": 635.6494571776161
  },
  "logo": {
    "yes": {
      "contents": 1816,
      "likes": 1416.4526431718061,
      "comments": 40.84361233480176,
      "engagementRate": 0.0006652990203359364,
      "emv": 32.41
    },
    "no": {
      "contents": 4340,
      "likes": 657.0820276497695,
      "comments": 31.79562211981567,
      "engagementRate": 0.00031449310583982985
    },
    "avgLift": 111.54645618043237
  }
}