{
  "followers": 2693744,
  "school": {
    "_id": "690067f5f719b77ba3f09235",
    "name": "Brigham Young University(BYU)"
  },
  "overall": {
    "totalContents": 5050,
    "totalLikes": 7155707,
    "totalComments": 184052,
    "engagementRate": 2.724742588753794,
    "emv": 161519.34
  },
  "counts": {
    "hasOrganizationInCaption": 758,
    "isOrganizationCollaboration": 170,
    "hasOrganizationLogo": 1780,
    "withIp": 2128
  },
  "orgInCaption": {
    "yes": {
      "contents": 758,
      "likes": 1232.7823218997362,
      "comments": 39.55145118733509,
      "engagementRate": 0.0004723291348721598,
      "emv": 28.61
    },
    "no": {
      "contents": 4292,
      "likes": 1449.5009319664491,
      "comments": 35.89748369058714,
      "engagementRate": 0.0005514252340448968
    },
    "avgLift": -14.343938994691893
  },
  "collaboration": {
    "yes": {
      "contents": 170,
      "likes": 3665.064705882353,
      "comments": 60.81764705882353,
      "engagementRate": 0.0013831612628895605,
      "emv": 79.38
    },
    "no": {
      "contents": 4880,
      "likes": 1338.6569672131147,
      "comments": 35.5969262295082,
      "engagementRate": 0.0005101649946849526
    },
    "avgLift": 171.12037817171642
  },
  "logo": {
    "yes": {
      "contents": 1780,
      "likes": 1637.8662921348314,
      "comments": 36.95786516853933,
      "engagementRate": 0.0006217458516115008,
      "emv": 36.45
    },
    "no": {
      "contents": 3270,
      "likes": 1296.7293577981652,
      "comments": 36.16727828746178,
      "engagementRate": 0.0004948119183135543
    },
    "avgLift": 25.652966026075084
  }
}