{
  "followers": 5116014,
  "school": {
    "_id": "68add81d24ae2ac4d2c3b47a",
    "name": "Louisiana State University"
  },
  "overall": {
    "totalContents": 4269,
    "totalLikes": 10327157,
    "totalComments": 277365,
    "engagementRate": 2.072809417644283,
    "emv": 234279.64
  },
  "counts": {
    "hasOrganizationInCaption": 796,
    "isOrganizationCollaboration": 0,
    "hasOrganizationLogo": 434,
    "withIp": 1100
  },
  "orgInCaption": {
    "yes": {
      "contents": 796,
      "likes": 3836.5439698492464,
      "comments": 78.16206030150754,
      "engagementRate": 0.0007651867313402101,
      "emv": 84.55
    },
    "no": {
      "contents": 3473,
      "likes": 2094.232076014973,
      "comments": 61.94874748056435,
      "engagementRate": 0.0004214571780873815
    },
    "avgLift": 81.5574087058407
  },
  "collaboration": {
    "yes": {
      "contents": 0,
      "likes": 0,
      "comments": 0,
      "engagementRate": 0,
      "emv": 0
    },
    "no": {
      "contents": 4269,
      "likes": 2419.104474115718,
      "comments": 64.97189037245256,
      "engagementRate": 0.00048554917255663694
    },
    "avgLift": -100
  },
  "logo": {
    "yes": {
      "contents": 434,
      "likes": 4390.216589861751,
      "comments": 79.10829493087557,
      "engagementRate": 0.0008735951240150295,
      "emv": 95.72
    },
    "no": {
      "contents": 3835,
      "likes": 2196.0372881355934,
      "comments": 63.37209908735333,
      "engagementRate": 0.00044163471546851646
    },
    "avgLift": 97.8094324148091
  }
}