{
  "followers": 802304,
  "school": {
    "_id": "68fc5b7f7804265f86eb4173",
    "name": "Michigan State"
  },
  "overall": {
    "totalContents": 2216,
    "totalLikes": 2215481,
    "totalComments": 91288,
    "engagementRate": 2.875180729499043,
    "emv": 53438.42
  },
  "counts": {
    "hasOrganizationInCaption": 446,
    "isOrganizationCollaboration": 65,
    "hasOrganizationLogo": 849,
    "withIp": 1039
  },
  "orgInCaption": {
    "yes": {
      "contents": 446,
      "likes": 1528.0313901345291,
      "comments": 39.5695067264574,
      "engagementRate": 0.001953873964059741,
      "emv": 34.52
    },
    "no": {
      "contents": 1770,
      "likes": 866.654802259887,
      "comments": 41.6045197740113,
      "engagementRate": 0.0011320638087731064
    },
    "avgLift": 72.59397826499598
  },
  "collaboration": {
    "yes": {
      "contents": 65,
      "likes": 3408.9384615384615,
      "comments": 52.92307692307692,
      "engagementRate": 0.004314900011045114,
      "emv": 73.47
    },
    "no": {
      "contents": 2151,
      "likes": 926.9642026964202,
      "comments": 40.840539284053925,
      "engagementRate": 0.0012062818357885217
    },
    "avgLift": 257.7024774002795
  },
  "logo": {
    "yes": {
      "contents": 849,
      "likes": 1628.9057714958776,
      "comments": 46.06007067137809,
      "engagementRate": 0.0020876947418525344,
      "emv": 37.18
    },
    "no": {
      "contents": 1367,
      "likes": 609.0270665691295,
      "comments": 38.17337234820776,
      "engagementRate": 0.0008066773179709153
    },
    "avgLift": 158.8017160447551
  }
}