{
  "followers": 406830,
  "school": {
    "_id": "691b2b339ee7e60ca0923d6b",
    "name": "Old Dominion University"
  },
  "overall": {
    "totalContents": 1564,
    "totalLikes": 2314481,
    "totalComments": 57189,
    "engagementRate": 5.829633999459234,
    "emv": 52008.52
  },
  "counts": {
    "hasOrganizationInCaption": 229,
    "isOrganizationCollaboration": 21,
    "hasOrganizationLogo": 838,
    "withIp": 888
  },
  "orgInCaption": {
    "yes": {
      "contents": 229,
      "likes": 463.94323144104806,
      "comments": 21.550218340611355,
      "engagementRate": 0.0011933570527779649,
      "emv": 11.43
    },
    "no": {
      "contents": 1335,
      "likes": 1654.110861423221,
      "comments": 39.141573033707864,
      "engagementRate": 0.004162063845972344
    },
    "avgLift": -71.32775716708949
  },
  "collaboration": {
    "yes": {
      "contents": 21,
      "likes": 1371.1904761904761,
      "comments": 24.476190476190474,
      "engagementRate": 0.003430589353456398,
      "emv": 29.87
    },
    "no": {
      "contents": 1543,
      "likes": 1481.3259883344135,
      "comments": 36.730395333765394,
      "engagementRate": 0.003731426845778775
    },
    "avgLift": -8.062264242502923
  },
  "logo": {
    "yes": {
      "contents": 838,
      "likes": 421.3758949880668,
      "comments": 34.70525059665871,
      "engagementRate": 0.0011210607516277697,
      "emv": 11.9
    },
    "no": {
      "contents": 726,
      "likes": 2701.6088154269974,
      "comments": 38.71349862258953,
      "engagementRate": 0.006735792134428599
    },
    "avgLift": -83.35666051958907
  }
}