{
  "followers": 4032162,
  "school": {
    "_id": "68eea2a92dc59d1b8e6f9ea9",
    "name": "Penn State University"
  },
  "overall": {
    "totalContents": 7202,
    "totalLikes": 12014094,
    "totalComments": 280324,
    "engagementRate": 3.0490883054797897,
    "emv": 268314.28
  },
  "counts": {
    "hasOrganizationInCaption": 1356,
    "isOrganizationCollaboration": 1,
    "hasOrganizationLogo": 548,
    "withIp": 1686
  },
  "orgInCaption": {
    "yes": {
      "contents": 1356,
      "likes": 2217.0545722713864,
      "comments": 46.73893805309734,
      "engagementRate": 0.0005614341661680467,
      "emv": 49.01
    },
    "no": {
      "contents": 5846,
      "likes": 1540.8429695518303,
      "comments": 37.1101607937051,
      "engagementRate": 0.0003913416996503452
    },
    "avgLift": 43.46392594238621
  },
  "collaboration": {
    "yes": {
      "contents": 1,
      "likes": 8141,
      "comments": 36,
      "engagementRate": 0.0020279443137453308,
      "emv": 166.42
    },
    "no": {
      "contents": 7201,
      "likes": 1667.261908068324,
      "comments": 38.92348284960422,
      "engagementRate": 0.0004231440579316823
    },
    "avgLift": 379.2562428166598
  },
  "logo": {
    "yes": {
      "contents": 548,
      "likes": 1824,
      "comments": 42.83576642335766,
      "engagementRate": 0.00046298630025861005,
      "emv": 40.76
    },
    "no": {
      "contents": 6654,
      "likes": 1655.3264201983768,
      "comments": 38.60084159903817,
      "engagementRate": 0.0004201039694827279
    },
    "avgLift": 10.207551913561536
  }
}