{
  "followers": 1817133,
  "school": {
    "_id": "68e4810537aba442a4462956",
    "name": "Texas A&M"
  },
  "overall": {
    "totalContents": 3419,
    "totalLikes": 5934200,
    "totalComments": 140702,
    "engagementRate": 3.343124581414789,
    "emv": 132754.2
  },
  "counts": {
    "hasOrganizationInCaption": 839,
    "isOrganizationCollaboration": 0,
    "hasOrganizationLogo": 529,
    "withIp": 1107
  },
  "orgInCaption": {
    "yes": {
      "contents": 839,
      "likes": 3706.954707985697,
      "comments": 43.6150178784267,
      "engagementRate": 0.002064003969915314,
      "emv": 78.5
    },
    "no": {
      "contents": 2580,
      "likes": 1094.5988372093022,
      "comments": 40.35232558139535,
      "engagementRate": 0.00062458343048676
    },
    "avgLift": 230.4608910785165
  },
  "collaboration": {
    "yes": {
      "contents": 0,
      "likes": 0,
      "comments": 0,
      "engagementRate": 0,
      "emv": 0
    },
    "no": {
      "contents": 3419,
      "likes": 1735.653699912255,
      "comments": 41.152968704299504,
      "engagementRate": 0.0009778077161201489
    },
    "avgLift": -100
  },
  "logo": {
    "yes": {
      "contents": 529,
      "likes": 3023.351606805293,
      "comments": 44.587901701323254,
      "engagementRate": 0.0016883406489820042,
      "emv": 64.93
    },
    "no": {
      "contents": 2890,
      "likes": 1499.9470588235295,
      "comments": 40.5242214532872,
      "engagementRate": 0.000847748227717408
    },
    "avgLift": 99.15590428633757
  }
}