{
  "school": {
    "_id": "697a73807ef35a6cd86b9524",
    "name": "University of New Mexico"
  },
  "followers": 304204,
  "overall": {
    "totalContents": 1182,
    "avgLikes": 442.81302876480544,
    "avgComments": 33.73773265651438,
    "engagementRate": 0.0015665499514185212,
    "emv": 12.23
  },
  "sponsorPartners": [
    {
      "totalContents": 1,
      "avgLikes": 1027,
      "avgComments": 91,
      "sponsorPartner": "nusendacu",
      "engagementRate": 0.003675165349568053,
      "emv": 29.64,
      "engagementRateLift": 134.6024999866852
    }
  ]
}