{
  "followers": 858916,
  "school": {
    "_id": "68fc8b6f7804265f86eb4183",
    "name": "University of Maryland"
  },
  "overall": {
    "totalContents": 2120,
    "totalLikes": 1459380,
    "totalComments": 88915,
    "engagementRate": 1.8026151567790099,
    "emv": 38079.1
  },
  "counts": {
    "hasOrganizationInCaption": 392,
    "isOrganizationCollaboration": 0,
    "hasOrganizationLogo": 808,
    "withIp": 925
  },
  "orgInCaption": {
    "yes": {
      "contents": 392,
      "likes": 969.2551020408164,
      "comments": 46.673469387755105,
      "engagementRate": 0.001182803174499685,
      "emv": 24.05
    },
    "no": {
      "contents": 1728,
      "likes": 624.6712962962963,
      "comments": 40.867476851851855,
      "engagementRate": 0.0007748589770689429
    },
    "avgLift": 52.64754097240656
  },
  "collaboration": {
    "yes": {
      "contents": 0,
      "likes": 0,
      "comments": 0,
      "engagementRate": 0,
      "emv": 0
    },
    "no": {
      "contents": 2120,
      "likes": 688.3867924528302,
      "comments": 41.94103773584906,
      "engagementRate": 0.0008502901682919857
    },
    "avgLift": -100
  },
  "logo": {
    "yes": {
      "contents": 808,
      "likes": 922.990099009901,
      "comments": 47.222772277227726,
      "engagementRate": 0.0011295782955342882,
      "emv": 23.18
    },
    "no": {
      "contents": 1312,
      "likes": 543.905487804878,
      "comments": 38.68826219512195,
      "engagementRate": 0.0006782895533439824
    },
    "avgLift": 66.53334699988264
  }
}