{
  "followers": 3012749,
  "school": {
    "_id": "68d2414d6f71af5707a79f2a",
    "name": "University of Nebraska"
  },
  "overall": {
    "totalContents": 3049,
    "totalLikes": 10695423,
    "totalComments": 122810,
    "engagementRate": 3.5908178875837318,
    "emv": 226189.46
  },
  "counts": {
    "hasOrganizationInCaption": 617,
    "isOrganizationCollaboration": 0,
    "hasOrganizationLogo": 1498,
    "withIp": 1658
  },
  "orgInCaption": {
    "yes": {
      "contents": 617,
      "likes": 4850.820097244733,
      "comments": 41.307941653160455,
      "engagementRate": 0.0016238087005913512,
      "emv": 101.15
    },
    "no": {
      "contents": 2432,
      "likes": 3167.1328125,
      "comments": 40.01768092105263,
      "engagementRate": 0.0010645262826146661
    },
    "avgLift": 52.538150265579894
  },
  "collaboration": {
    "yes": {
      "contents": 0,
      "likes": 0,
      "comments": 0,
      "engagementRate": 0,
      "emv": 0
    },
    "no": {
      "contents": 3049,
      "likes": 3507.8461790751066,
      "comments": 40.27877992784519,
      "engagementRate": 0.0011777034724774456
    },
    "avgLift": -100
  },
  "logo": {
    "yes": {
      "contents": 1498,
      "likes": 4100.010680907877,
      "comments": 41.99465954606141,
      "engagementRate": 0.0013748258950393606,
      "emv": 86.2
    },
    "no": {
      "contents": 1551,
      "likes": 2935.9168278529983,
      "comments": 38.62153449387492,
      "engagementRate": 0.0009873170192229333
    },
    "avgLift": 39.248677807804405
  }
}