{
  "followers": 1031767,
  "school": {
    "_id": "68f876c47804265f86eb36fb",
    "name": "University of Cincinnati"
  },
  "overall": {
    "totalContents": 4309,
    "totalLikes": 2555683,
    "totalComments": 167355,
    "engagementRate": 2.6391985787488843,
    "emv": 67849.16
  },
  "counts": {
    "hasOrganizationInCaption": 803,
    "isOrganizationCollaboration": 22,
    "hasOrganizationLogo": 467,
    "withIp": 1127
  },
  "orgInCaption": {
    "yes": {
      "contents": 803,
      "likes": 905.1531755915317,
      "comments": 36.94769613947696,
      "engagementRate": 0.0009130945957091172,
      "emv": 21.8
    },
    "no": {
      "contents": 3506,
      "likes": 521.6329150028522,
      "comments": 39.27153451226469,
      "engagementRate": 0.0005436348027365838
    },
    "avgLift": 67.96102661432325
  },
  "collaboration": {
    "yes": {
      "contents": 22,
      "likes": 748.7272727272727,
      "comments": 22.954545454545453,
      "engagementRate": 0.0007479225621499992,
      "emv": 17.27
    },
    "no": {
      "contents": 4287,
      "likes": 592.3048752041054,
      "comments": 38.919990669465825,
      "engagementRate": 0.0006117901288503812
    },
    "avgLift": 22.25149228141771
  },
  "logo": {
    "yes": {
      "contents": 467,
      "likes": 894.3618843683083,
      "comments": 40.2441113490364,
      "engagementRate": 0.0009058304788943092,
      "emv": 21.91
    },
    "no": {
      "contents": 3842,
      "likes": 556.4851639770952,
      "comments": 38.66762103071317,
      "engagementRate": 0.0005768286686895475
    },
    "avgLift": 57.03631391140728
  }
}