{
  "followers": 1137996,
  "school": {
    "_id": "690235fdf719b77ba3f097f5",
    "name": "University of Central Florida"
  },
  "overall": {
    "totalContents": 1756,
    "totalLikes": 2002211,
    "totalComments": 85523,
    "engagementRate": 1.8345705960302146,
    "emv": 48596.52
  },
  "counts": {
    "hasOrganizationInCaption": 193,
    "isOrganizationCollaboration": 0,
    "hasOrganizationLogo": 293,
    "withIp": 421
  },
  "orgInCaption": {
    "yes": {
      "contents": 193,
      "likes": 1231.4663212435232,
      "comments": 41.373056994818654,
      "engagementRate": 0.001118491961516861,
      "emv": 28.77
    },
    "no": {
      "contents": 1563,
      "likes": 1128.9430582213693,
      "comments": 49.6084452975048,
      "engagementRate": 0.001035637650324671
    },
    "avgLift": 8.000318563757837
  },
  "collaboration": {
    "yes": {
      "contents": 0,
      "likes": 0,
      "comments": 0,
      "engagementRate": 0,
      "emv": 0
    },
    "no": {
      "contents": 1756,
      "likes": 1140.2112756264237,
      "comments": 48.703302961275625,
      "engagementRate": 0.0010447440751880492
    },
    "avgLift": -100
  },
  "logo": {
    "yes": {
      "contents": 293,
      "likes": 571.9761092150171,
      "comments": 47.389078498293514,
      "engagementRate": 0.0005442595472333037,
      "emv": 16.18
    },
    "no": {
      "contents": 1463,
      "likes": 1254.0136705399864,
      "comments": 48.96650717703349,
      "engagementRate": 0.0011449778186540373
    },
    "avgLift": -52.46549423349525
  }
}