{
  "followers": 304204,
  "school": {
    "_id": "697a73807ef35a6cd86b9524",
    "name": "University of New Mexico"
  },
  "overall": {
    "totalContents": 1182,
    "totalLikes": 523405,
    "totalComments": 39878,
    "engagementRate": 1.8516620425766919,
    "emv": 14455.9
  },
  "counts": {
    "hasOrganizationInCaption": 256,
    "isOrganizationCollaboration": 54,
    "hasOrganizationLogo": 594,
    "withIp": 629
  },
  "orgInCaption": {
    "yes": {
      "contents": 256,
      "likes": 849.984375,
      "comments": 22.44921875,
      "engagementRate": 0.002867922820705842,
      "emv": 19.24
    },
    "no": {
      "contents": 926,
      "likes": 330.2473002159827,
      "comments": 36.8585313174946,
      "engagementRate": 0.001206775162501076
    },
    "avgLift": 137.65179379081601
  },
  "collaboration": {
    "yes": {
      "contents": 54,
      "likes": 1295.6296296296296,
      "comments": 18.185185185185187,
      "engagementRate": 0.004318861076168672,
      "emv": 27.73
    },
    "no": {
      "contents": 1128,
      "likes": 401.98670212765956,
      "comments": 34.4822695035461,
      "engagementRate": 0.0014347903762975032
    },
    "avgLift": 201.0098999488381
  },
  "logo": {
    "yes": {
      "contents": 594,
      "likes": 510.7962962962963,
      "comments": 35.19360269360269,
      "engagementRate": 0.0017948149892503024,
      "emv": 13.74
    },
    "no": {
      "contents": 588,
      "likes": 374.13605442176873,
      "comments": 32.26700680272109,
      "engagementRate": 0.0013359556785068239
    },
    "avgLift": 34.346896242571326
  }
}