{
  "followers": 858916,
  "school": {
    "_id": "68fc8b6f7804265f86eb4183",
    "name": "University of Maryland"
  },
  "overall": {
    "totalContents": 2120,
    "totalLikes": 1459380,
    "totalComments": 88915,
    "engagementRate": 1.8026151567790099,
    "emv": 38079.1
  },
  "counts": {
    "hasOrganizationInCaption": 392,
    "isOrganizationCollaboration": 0,
    "hasOrganizationLogo": 808,
    "withIp": 925
  },
  "orgInCaption": {
    "yes": {
      "contents": 392,
      "likes": 379948,
      "comments": 18296,
      "engagementRate": 0.4636588444038765,
      "emv": 9428.56
    },
    "no": {
      "contents": 1728,
      "likes": 1079432,
      "comments": 70619,
      "engagementRate": 1.3389563123751334
    },
    "avgLift": -65.37162264977813
  },
  "collaboration": {
    "yes": {
      "contents": 0,
      "likes": 0,
      "comments": 0,
      "engagementRate": 0,
      "emv": 0
    },
    "no": {
      "contents": 2120,
      "likes": 1459380,
      "comments": 88915,
      "engagementRate": 1.8026151567790099
    },
    "avgLift": -100
  },
  "logo": {
    "yes": {
      "contents": 808,
      "likes": 745776,
      "comments": 38156,
      "engagementRate": 0.9126992627917049,
      "emv": 18731.12
    },
    "no": {
      "contents": 1312,
      "likes": 713604,
      "comments": 50759,
      "engagementRate": 0.889915893987305
    },
    "avgLift": 2.560171018220394
  }
}