{
  "followers": 1787521,
  "school": {
    "_id": "697c00f4a3ae1605b1d014e8",
    "name": "Virginia Tech"
  },
  "overall": {
    "totalContents": 3735,
    "totalLikes": 2536869,
    "totalComments": 139048,
    "engagementRate": 1.496998916376367,
    "emv": 64642.18
  },
  "counts": {
    "hasOrganizationInCaption": 600,
    "isOrganizationCollaboration": 4,
    "hasOrganizationLogo": 1715,
    "withIp": 1856
  },
  "orgInCaption": {
    "yes": {
      "contents": 600,
      "likes": 983.8666666666667,
      "comments": 35.748333333333335,
      "engagementRate": 0.000570407284725606,
      "emv": 23.25
    },
    "no": {
      "contents": 3135,
      "likes": 620.9087719298245,
      "comments": 37.51164274322169,
      "engagementRate": 0.00036834275774832645
    },
    "avgLift": 54.857743969909144
  },
  "collaboration": {
    "yes": {
      "contents": 4,
      "likes": 934.25,
      "comments": 25.75,
      "engagementRate": 0.0005370566275864731,
      "emv": 21.26
    },
    "no": {
      "contents": 3731,
      "likes": 678.9418386491557,
      "comments": 37.24068614312517,
      "engagementRate": 0.00040065684531386247
    },
    "avgLift": 34.044041395513695
  },
  "logo": {
    "yes": {
      "contents": 1715,
      "likes": 895.9475218658893,
      "comments": 40.74402332361516,
      "engagementRate": 0.0005240170857794143,
      "emv": 21.99
    },
    "no": {
      "contents": 2020,
      "likes": 495.20742574257423,
      "comments": 34.24356435643564,
      "engagementRate": 0.00029619287834884735
    },
    "avgLift": 76.91751695739363
  }
}